id;angle;accroche;format;duree_s;usage;fichier;publie_le;budget;impressions;ctr;cpc;inscriptions;verdict
LiveUp-preuve-h1-9x16;preuve;"+10 000 créateurs accompagnés. Voici pourquoi 👇";9:16;17.8;Organique TikTok / Reels + pub 9:16;out/liveup/LiveUp-preuve-h1-9x16.mp4;;;;;;;
LiveUp-preuve-h1-4x5;preuve;"+10 000 créateurs accompagnés. Voici pourquoi 👇";4:5;17.8;Pub feed (Meta);out/liveup/LiveUp-preuve-h1-4x5.mp4;;;;;;;
LiveUp-preuve-h1-1x1;preuve;"+10 000 créateurs accompagnés. Voici pourquoi 👇";1:1;17.8;Pub feed (Meta);out/liveup/LiveUp-preuve-h1-1x1.mp4;;;;;;;
LiveUp-preuve-h1-bumper;preuve;"+10 000 créateurs accompagnés. Voici pourquoi 👇";9:16;6.2;Pub - test d'accroche;out/liveup/LiveUp-preuve-h1-bumper.mp4;;;;;;;
LiveUp-preuve-h2-9x16;preuve;"La 1ère agence TikTok LIVE agréée en France 🇫🇷";9:16;17.8;Organique TikTok / Reels + pub 9:16;out/liveup/LiveUp-preuve-h2-9x16.mp4;;;;;;;
LiveUp-preuve-h2-bumper;preuve;"La 1ère agence TikTok LIVE agréée en France 🇫🇷";9:16;6.2;Pub - test d'accroche;out/liveup/LiveUp-preuve-h2-bumper.mp4;;;;;;;
LiveUp-preuve-h3-9x16;preuve;"300 000 € de récompenses pour nos créateurs";9:16;17.8;Organique TikTok / Reels + pub 9:16;out/liveup/LiveUp-preuve-h3-9x16.mp4;;;;;;;
LiveUp-preuve-h3-bumper;preuve;"300 000 € de récompenses pour nos créateurs";9:16;6.2;Pub - test d'accroche;out/liveup/LiveUp-preuve-h3-bumper.mp4;;;;;;;
LiveUp-douleur-h1-9x16;douleur;"Tu fais des lives… mais personne ne vient ?";9:16;21.2;Organique TikTok / Reels + pub 9:16;out/liveup/LiveUp-douleur-h1-9x16.mp4;;;;;;;
LiveUp-douleur-h1-4x5;douleur;"Tu fais des lives… mais personne ne vient ?";4:5;21.2;Pub feed (Meta);out/liveup/LiveUp-douleur-h1-4x5.mp4;;;;;;;
LiveUp-douleur-h1-1x1;douleur;"Tu fais des lives… mais personne ne vient ?";1:1;21.2;Pub feed (Meta);out/liveup/LiveUp-douleur-h1-1x1.mp4;;;;;;;
LiveUp-douleur-h1-bumper;douleur;"Tu fais des lives… mais personne ne vient ?";9:16;6.2;Pub - test d'accroche;out/liveup/LiveUp-douleur-h1-bumper.mp4;;;;;;;
LiveUp-douleur-h2-9x16;douleur;"Tu lances un live et tu parles dans le vide ?";9:16;21.2;Organique TikTok / Reels + pub 9:16;out/liveup/LiveUp-douleur-h2-9x16.mp4;;;;;;;
LiveUp-douleur-h2-bumper;douleur;"Tu lances un live et tu parles dans le vide ?";9:16;6.2;Pub - test d'accroche;out/liveup/LiveUp-douleur-h2-bumper.mp4;;;;;;;
LiveUp-douleur-h3-9x16;douleur;"Pas beaucoup d'abonnés ? Regarde ça 👀";9:16;21.2;Organique TikTok / Reels + pub 9:16;out/liveup/LiveUp-douleur-h3-9x16.mp4;;;;;;;
LiveUp-douleur-h3-bumper;douleur;"Pas beaucoup d'abonnés ? Regarde ça 👀";9:16;6.2;Pub - test d'accroche;out/liveup/LiveUp-douleur-h3-bumper.mp4;;;;;;;
LiveUp-ecosysteme-h1-9x16;ecosysteme;"Une agence qui a créé ses propres outils pour tes lives";9:16;17.7;Organique TikTok / Reels + pub 9:16;out/liveup/LiveUp-ecosysteme-h1-9x16.mp4;;;;;;;
LiveUp-ecosysteme-h1-4x5;ecosysteme;"Une agence qui a créé ses propres outils pour tes lives";4:5;17.7;Pub feed (Meta);out/liveup/LiveUp-ecosysteme-h1-4x5.mp4;;;;;;;
LiveUp-ecosysteme-h1-1x1;ecosysteme;"Une agence qui a créé ses propres outils pour tes lives";1:1;17.7;Pub feed (Meta);out/liveup/LiveUp-ecosysteme-h1-1x1.mp4;;;;;;;
LiveUp-ecosysteme-h1-bumper;ecosysteme;"Une agence qui a créé ses propres outils pour tes lives";9:16;6.2;Pub - test d'accroche;out/liveup/LiveUp-ecosysteme-h1-bumper.mp4;;;;;;;
LiveUp-ecosysteme-h2-9x16;ecosysteme;"4 outils qu'aucune autre agence ne te donne";9:16;17.7;Organique TikTok / Reels + pub 9:16;out/liveup/LiveUp-ecosysteme-h2-9x16.mp4;;;;;;;
LiveUp-ecosysteme-h2-bumper;ecosysteme;"4 outils qu'aucune autre agence ne te donne";9:16;6.2;Pub - test d'accroche;out/liveup/LiveUp-ecosysteme-h2-bumper.mp4;;;;;;;
LiveUp-ecosysteme-h3-9x16;ecosysteme;"Tes lives en mode jeu vidéo 🎮";9:16;17.7;Organique TikTok / Reels + pub 9:16;out/liveup/LiveUp-ecosysteme-h3-9x16.mp4;;;;;;;
LiveUp-ecosysteme-h3-bumper;ecosysteme;"Tes lives en mode jeu vidéo 🎮";9:16;6.2;Pub - test d'accroche;out/liveup/LiveUp-ecosysteme-h3-bumper.mp4;;;;;;;
LiveUp-communaute-h1-9x16;communaute;"592 avis. Voilà ce que disent nos talents.";9:16;17.8;Organique TikTok / Reels + pub 9:16;out/liveup/LiveUp-communaute-h1-9x16.mp4;;;;;;;
LiveUp-communaute-h1-4x5;communaute;"592 avis. Voilà ce que disent nos talents.";4:5;17.8;Pub feed (Meta);out/liveup/LiveUp-communaute-h1-4x5.mp4;;;;;;;
LiveUp-communaute-h1-1x1;communaute;"592 avis. Voilà ce que disent nos talents.";1:1;17.8;Pub feed (Meta);out/liveup/LiveUp-communaute-h1-1x1.mp4;;;;;;;
LiveUp-communaute-h1-bumper;communaute;"592 avis. Voilà ce que disent nos talents.";9:16;6.2;Pub - test d'accroche;out/liveup/LiveUp-communaute-h1-bumper.mp4;;;;;;;
LiveUp-communaute-h2-9x16;communaute;"Arrête de galérer seul en live";9:16;17.8;Organique TikTok / Reels + pub 9:16;out/liveup/LiveUp-communaute-h2-9x16.mp4;;;;;;;
LiveUp-communaute-h2-bumper;communaute;"Arrête de galérer seul en live";9:16;6.2;Pub - test d'accroche;out/liveup/LiveUp-communaute-h2-bumper.mp4;;;;;;;
LiveUp-communaute-h3-9x16;communaute;"Ici, t'arrives pas dans un truc froid.";9:16;17.8;Organique TikTok / Reels + pub 9:16;out/liveup/LiveUp-communaute-h3-9x16.mp4;;;;;;;
LiveUp-communaute-h3-bumper;communaute;"Ici, t'arrives pas dans un truc froid.";9:16;6.2;Pub - test d'accroche;out/liveup/LiveUp-communaute-h3-bumper.mp4;;;;;;;
LiveUp-challenge-h1-9x16;challenge;"14 jours pour transformer tes lives 💎";9:16;19.3;Organique TikTok / Reels + pub 9:16;out/liveup/LiveUp-challenge-h1-9x16.mp4;;;;;;;
LiveUp-challenge-h1-4x5;challenge;"14 jours pour transformer tes lives 💎";4:5;19.3;Pub feed (Meta);out/liveup/LiveUp-challenge-h1-4x5.mp4;;;;;;;
LiveUp-challenge-h1-1x1;challenge;"14 jours pour transformer tes lives 💎";1:1;19.3;Pub feed (Meta);out/liveup/LiveUp-challenge-h1-1x1.mp4;;;;;;;
LiveUp-challenge-h1-bumper;challenge;"14 jours pour transformer tes lives 💎";9:16;6.2;Pub - test d'accroche;out/liveup/LiveUp-challenge-h1-bumper.mp4;;;;;;;
LiveUp-challenge-h2-9x16;challenge;"Challenge TikTok LIVE : dès 50 abonnés";9:16;19.3;Organique TikTok / Reels + pub 9:16;out/liveup/LiveUp-challenge-h2-9x16.mp4;;;;;;;
LiveUp-challenge-h2-bumper;challenge;"Challenge TikTok LIVE : dès 50 abonnés";9:16;6.2;Pub - test d'accroche;out/liveup/LiveUp-challenge-h2-bumper.mp4;;;;;;;
LiveUp-challenge-h3-9x16;challenge;"Même sans vidéos TikTok, tu peux percer en live";9:16;19.3;Organique TikTok / Reels + pub 9:16;out/liveup/LiveUp-challenge-h3-9x16.mp4;;;;;;;
LiveUp-challenge-h3-bumper;challenge;"Même sans vidéos TikTok, tu peux percer en live";9:16;6.2;Pub - test d'accroche;out/liveup/LiveUp-challenge-h3-bumper.mp4;;;;;;;
LiveUp-methode-h1-9x16;methode;"Ce que font les meilleurs streamers TikTok de France";9:16;19.8;Organique TikTok / Reels + pub 9:16;out/liveup/LiveUp-methode-h1-9x16.mp4;;;;;;;
LiveUp-methode-h1-4x5;methode;"Ce que font les meilleurs streamers TikTok de France";4:5;19.8;Pub feed (Meta);out/liveup/LiveUp-methode-h1-4x5.mp4;;;;;;;
LiveUp-methode-h1-1x1;methode;"Ce que font les meilleurs streamers TikTok de France";1:1;19.8;Pub feed (Meta);out/liveup/LiveUp-methode-h1-1x1.mp4;;;;;;;
LiveUp-methode-h1-bumper;methode;"Ce que font les meilleurs streamers TikTok de France";9:16;6.2;Pub - test d'accroche;out/liveup/LiveUp-methode-h1-bumper.mp4;;;;;;;
LiveUp-methode-h2-9x16;methode;"Ton live stagne ? Il te manque une équipe.";9:16;19.8;Organique TikTok / Reels + pub 9:16;out/liveup/LiveUp-methode-h2-9x16.mp4;;;;;;;
LiveUp-methode-h2-bumper;methode;"Ton live stagne ? Il te manque une équipe.";9:16;6.2;Pub - test d'accroche;out/liveup/LiveUp-methode-h2-bumper.mp4;;;;;;;
LiveUp-methode-h3-9x16;methode;"Arrête d'improviser tes lives";9:16;19.8;Organique TikTok / Reels + pub 9:16;out/liveup/LiveUp-methode-h3-9x16.mp4;;;;;;;
LiveUp-methode-h3-bumper;methode;"Arrête d'improviser tes lives";9:16;6.2;Pub - test d'accroche;out/liveup/LiveUp-methode-h3-bumper.mp4;;;;;;;
LiveUp-presentation-9x16;presentation;"LiveUp : la 1ère agence TikTok LIVE de France";9:16;42.1;Présentation complète;out/liveup/LiveUp-presentation-9x16.mp4;;;;;;;
LiveUp-presentation-16x9;presentation;"LiveUp : la 1ère agence TikTok LIVE de France";16:9;42.1;Présentation complète;out/liveup/LiveUp-presentation-16x9.mp4;;;;;;;
